id,origin,destination,airline,fare,travel_date,search_date,booking_window,created_at
1,DEL,BOM,Air India,6425,2026-09-20,2026-09-13,7,2026-09-13 07:13:10.464604
2,DEL,BOM,IndiGo,6583,2026-09-20,2026-09-13,7,2026-09-13 07:13:10.477461
3,DEL,BOM,Akasa Air,6880,2026-09-20,2026-09-13,7,2026-09-13 07:13:10.490922
4,DEL,BOM,Air India,6314,2026-09-20,2026-09-13,7,2026-09-13 07:13:10.49819
5,DEL,BOM,IndiGo,6425,2026-09-20,2026-09-13,7,2026-09-13 07:13:10.505197
6,DEL,BOM,Air India,6425,2026-09-20,2026-09-13,7,2026-09-13 07:13:10.505197
7,DEL,BOM,Air India,6425,2026-09-20,2026-09-13,7,2026-09-13 07:13:10.512055
8,DEL,BOM,Air India,6425,2026-09-20,2026-09-13,7,2026-09-13 07:13:10.512055
9,DEL,BOM,IndiGo,6425,2026-09-20,2026-09-13,7,2026-09-13 07:13:10.519045
10,DEL,BOM,Air India,6425,2026-09-20,2026-09-13,7,2026-09-13 07:13:10.526616
11,DEL,BOM,IndiGo,6425,2026-09-20,2026-09-13,7,2026-09-13 07:13:10.533313
12,DEL,BOM,Air India,6425,2026-09-20,2026-09-13,7,2026-09-13 07:13:10.539487
13,DEL,BOM,IndiGo,6425,2026-09-20,2026-09-13,7,2026-09-13 07:13:10.540182
14,DEL,BOM,Air India,6425,2026-09-20,2026-09-13,7,2026-09-13 07:13:10.548735
15,DEL,BOM,Air India,6425,2026-09-20,2026-09-13,7,2026-09-13 07:13:10.554348
16,DEL,BOM,IndiGo,6425,2026-09-20,2026-09-13,7,2026-09-13 07:13:10.560836
17,DEL,BOM,IndiGo,6425,2026-09-20,2026-09-13,7,2026-09-13 07:13:10.566841
18,DEL,BOM,Air India Express,6779,2026-09-20,2026-09-13,7,2026-09-13 07:13:10.57252
19,DEL,BOM,Air India,6792,2026-09-20,2026-09-13,7,2026-09-13 07:13:10.574575
20,DEL,BOM,IndiGo,6793,2026-09-20,2026-09-13,7,2026-09-13 07:13:10.581558
21,DEL,BOM,Akasa Air,6880,2026-09-20,2026-09-13,7,2026-09-13 07:13:10.59127
22,DEL,BOM,Akasa Air,6880,2026-09-20,2026-09-13,7,2026-09-13 07:13:10.596061
23,DEL,BOM,Akasa Air,6880,2026-09-20,2026-09-13,7,2026-09-13 07:13:10.602021
24,DEL,BOM,IndiGo,7055,2026-09-20,2026-09-13,7,2026-09-13 07:13:10.602021
25,DEL,BOM,IndiGo,7055,2026-09-20,2026-09-13,7,2026-09-13 07:13:10.609696
26,DEL,BOM,IndiGo,7055,2026-09-20,2026-09-13,7,2026-09-13 07:13:10.616325
27,DEL,BOM,IndiGo,7055,2026-09-20,2026-09-13,7,2026-09-13 07:13:10.616325
28,DEL,BOM,Air India Express,7261,2026-09-20,2026-09-13,7,2026-09-13 07:13:10.623418
29,DEL,BOM,IndiGo,7370,2026-09-20,2026-09-13,7,2026-09-13 07:13:10.630191
30,DEL,BOM,IndiGo,7370,2026-09-20,2026-09-13,7,2026-09-13 07:13:10.636676
31,DEL,BOM,IndiGo,7370,2026-09-20,2026-09-13,7,2026-09-13 07:13:10.63997
32,DEL,BOM,Air India,7553,2026-09-20,2026-09-13,7,2026-09-13 07:13:10.644287
33,DEL,BOM,Air India,7685,2026-09-20,2026-09-13,7,2026-09-13 07:13:10.647021
34,DEL,BOM,Air India,7685,2026-09-20,2026-09-13,7,2026-09-13 07:13:10.651189
35,DEL,BOM,Air India,7685,2026-09-20,2026-09-13,7,2026-09-13 07:13:10.651189
36,DEL,BOM,Akasa Air,7716,2026-09-20,2026-09-13,7,2026-09-13 07:13:10.658006
37,DEL,BOM,Air India,7879,2026-09-20,2026-09-13,7,2026-09-13 07:13:10.658006
38,DEL,BOM,Air India,8052,2026-09-20,2026-09-13,7,2026-09-13 07:13:10.664887
39,DEL,BOM,IndiGo,8053,2026-09-20,2026-09-13,7,2026-09-13 07:13:10.664887
40,DEL,BOM,IndiGo,8053,2026-09-20,2026-09-13,7,2026-09-13 07:13:10.671812
41,DEL,BOM,IndiGo,8053,2026-09-20,2026-09-13,7,2026-09-13 07:13:10.671812
42,DEL,BOM,Air India,8136,2026-09-20,2026-09-13,7,2026-09-13 07:13:10.678463
43,DEL,BOM,Air India,8136,2026-09-20,2026-09-13,7,2026-09-13 07:13:10.678463
44,DEL,BOM,Akasa Air,8419,2026-09-20,2026-09-13,7,2026-09-13 07:13:10.685656
45,DEL,BOM,IndiGo,8473,2026-09-20,2026-09-13,7,2026-09-13 07:13:10.685656
46,DEL,BOM,Akasa Air,8720,2026-09-20,2026-09-13,7,2026-09-13 07:13:10.692641
47,DEL,BOM,IndiGo,8998,2026-09-20,2026-09-13,7,2026-09-13 07:13:10.692641
48,DEL,BOM,Akasa Air,9360,2026-09-20,2026-09-13,7,2026-09-13 07:13:10.699562
49,DEL,BOM,Air India,9569,2026-09-20,2026-09-13,7,2026-09-13 07:13:10.699562
50,DEL,BOM,Air India,9569,2026-09-20,2026-09-13,7,2026-09-13 07:13:10.706575
51,DEL,BOM,Air India,9905,2026-09-20,2026-09-13,7,2026-09-13 07:13:10.706575
52,DEL,BOM,Air India,9968,2026-09-20,2026-09-13,7,2026-09-13 07:13:10.713453
53,DEL,BOM,Air India,13239,2026-09-20,2026-09-13,7,2026-09-13 07:13:10.713453
54,DEL,BOM,SpiceJet,22551,2026-09-20,2026-09-13,7,2026-09-13 07:13:10.720383
55,DEL,BOM,Air India,6425,2026-09-20,2026-09-13,7,2026-09-13 07:32:13.539685
56,DEL,BOM,IndiGo,6583,2026-09-20,2026-09-13,7,2026-09-13 07:32:13.556684
57,DEL,BOM,Akasa Air,6880,2026-09-20,2026-09-13,7,2026-09-13 07:32:13.557511
58,DEL,BOM,Air India,6314,2026-09-20,2026-09-13,7,2026-09-13 07:32:13.557511
59,DEL,BOM,IndiGo,6425,2026-09-20,2026-09-13,7,2026-09-13 07:32:13.573744
60,DEL,BOM,Air India,6425,2026-09-20,2026-09-13,7,2026-09-13 07:32:13.573744
61,DEL,BOM,Air India,6425,2026-09-20,2026-09-13,7,2026-09-13 07:32:13.587528
62,DEL,BOM,Air India,6425,2026-09-20,2026-09-13,7,2026-09-13 07:32:13.590848
63,DEL,BOM,IndiGo,6425,2026-09-20,2026-09-13,7,2026-09-13 07:32:13.590848
64,DEL,BOM,Air India,6425,2026-09-20,2026-09-13,7,2026-09-13 07:32:13.603464
65,DEL,BOM,IndiGo,6425,2026-09-20,2026-09-13,7,2026-09-13 07:32:13.607523
66,DEL,BOM,Air India,6425,2026-09-20,2026-09-13,7,2026-09-13 07:32:13.607523
67,DEL,BOM,IndiGo,6425,2026-09-20,2026-09-13,7,2026-09-13 07:32:13.619351
68,DEL,BOM,Air India,6425,2026-09-20,2026-09-13,7,2026-09-13 07:32:13.622821
69,DEL,BOM,Air India,6425,2026-09-20,2026-09-13,7,2026-09-13 07:32:13.630216
70,DEL,BOM,IndiGo,6425,2026-09-20,2026-09-13,7,2026-09-13 07:32:13.635896
71,DEL,BOM,IndiGo,6425,2026-09-20,2026-09-13,7,2026-09-13 07:32:13.639958
72,DEL,BOM,Air India Express,6779,2026-09-20,2026-09-13,7,2026-09-13 07:32:13.639958
73,DEL,BOM,Air India,6792,2026-09-20,2026-09-13,7,2026-09-13 07:32:13.651845
74,DEL,BOM,IndiGo,6793,2026-09-20,2026-09-13,7,2026-09-13 07:32:13.657036
75,DEL,BOM,Akasa Air,6880,2026-09-20,2026-09-13,7,2026-09-13 07:32:13.657036
76,DEL,BOM,Akasa Air,6880,2026-09-20,2026-09-13,7,2026-09-13 07:32:13.657036
77,DEL,BOM,Akasa Air,6880,2026-09-20,2026-09-13,7,2026-09-13 07:32:13.666681
78,DEL,BOM,IndiGo,7055,2026-09-20,2026-09-13,7,2026-09-13 07:32:13.673313
79,DEL,BOM,IndiGo,7055,2026-09-20,2026-09-13,7,2026-09-13 07:32:13.679437
80,DEL,BOM,IndiGo,7055,2026-09-20,2026-09-13,7,2026-09-13 07:32:13.688141
81,DEL,BOM,IndiGo,7055,2026-09-20,2026-09-13,7,2026-09-13 07:32:13.690133
82,DEL,BOM,Air India Express,7261,2026-09-20,2026-09-13,7,2026-09-13 07:32:13.690133
83,DEL,BOM,IndiGo,7370,2026-09-20,2026-09-13,7,2026-09-13 07:32:13.690133
84,DEL,BOM,IndiGo,7370,2026-09-20,2026-09-13,7,2026-09-13 07:32:13.70722
85,DEL,BOM,IndiGo,7370,2026-09-20,2026-09-13,7,2026-09-13 07:32:13.71064
86,DEL,BOM,Air India,7553,2026-09-20,2026-09-13,7,2026-09-13 07:32:13.71064
87,DEL,BOM,Air India,7685,2026-09-20,2026-09-13,7,2026-09-13 07:32:13.723348
88,DEL,BOM,Air India,7685,2026-09-20,2026-09-13,7,2026-09-13 07:32:13.723348
89,DEL,BOM,Air India,7685,2026-09-20,2026-09-13,7,2026-09-13 07:32:13.730337
90,DEL,BOM,Akasa Air,7716,2026-09-20,2026-09-13,7,2026-09-13 07:32:13.730337
91,DEL,BOM,Air India,7879,2026-09-20,2026-09-13,7,2026-09-13 07:32:13.738737
92,DEL,BOM,Air India,8052,2026-09-20,2026-09-13,7,2026-09-13 07:32:13.747028
93,DEL,BOM,IndiGo,8053,2026-09-20,2026-09-13,7,2026-09-13 07:32:13.756194
94,DEL,BOM,IndiGo,8053,2026-09-20,2026-09-13,7,2026-09-13 07:32:13.763109
95,DEL,BOM,IndiGo,8053,2026-09-20,2026-09-13,7,2026-09-13 07:32:13.763109
96,DEL,BOM,Air India,8136,2026-09-20,2026-09-13,7,2026-09-13 07:32:13.771179
97,DEL,BOM,Air India,8136,2026-09-20,2026-09-13,7,2026-09-13 07:32:13.779305
98,DEL,BOM,Akasa Air,8419,2026-09-20,2026-09-13,7,2026-09-13 07:32:13.779305
99,DEL,BOM,IndiGo,8473,2026-09-20,2026-09-13,7,2026-09-13 07:32:13.797088
100,DEL,BOM,Akasa Air,8720,2026-09-20,2026-09-13,7,2026-09-13 07:32:13.797088
101,DEL,BOM,IndiGo,8998,2026-09-20,2026-09-13,7,2026-09-13 07:32:13.797088
102,DEL,BOM,Akasa Air,9360,2026-09-20,2026-09-13,7,2026-09-13 07:32:13.810908
103,DEL,BOM,Air India,9569,2026-09-20,2026-09-13,7,2026-09-13 07:32:13.810908
104,DEL,BOM,Air India,9569,2026-09-20,2026-09-13,7,2026-09-13 07:32:13.826601
105,DEL,BOM,Air India,9905,2026-09-20,2026-09-13,7,2026-09-13 07:32:13.830305
106,DEL,BOM,Air India,9968,2026-09-20,2026-09-13,7,2026-09-13 07:32:13.837461
107,DEL,BOM,Air India,13239,2026-09-20,2026-09-13,7,2026-09-13 07:32:13.843814
108,DEL,BOM,SpiceJet,22551,2026-09-20,2026-09-13,7,2026-09-13 07:32:13.851063
109,DEL,BOM,Air India,6425,2026-09-20,2026-09-13,7,2026-09-13 07:36:04.419204
110,DEL,BOM,IndiGo,6583,2026-09-20,2026-09-13,7,2026-09-13 07:36:04.431468
111,DEL,BOM,Akasa Air,6880,2026-09-20,2026-09-13,7,2026-09-13 07:36:04.431468
112,DEL,BOM,Air India,6314,2026-09-20,2026-09-13,7,2026-09-13 07:36:04.44588
113,DEL,BOM,IndiGo,6425,2026-09-20,2026-09-13,7,2026-09-13 07:36:04.44588
114,DEL,BOM,Air India,6425,2026-09-20,2026-09-13,7,2026-09-13 07:36:04.461222
115,DEL,BOM,Air India,6425,2026-09-20,2026-09-13,7,2026-09-13 07:36:04.468249
116,DEL,BOM,Air India,6425,2026-09-20,2026-09-13,7,2026-09-13 07:36:04.468249
117,DEL,BOM,IndiGo,6425,2026-09-20,2026-09-13,7,2026-09-13 07:36:04.478162
118,DEL,BOM,Air India,6425,2026-09-20,2026-09-13,7,2026-09-13 07:36:04.484532
119,DEL,BOM,IndiGo,6425,2026-09-20,2026-09-13,7,2026-09-13 07:36:04.492621
120,DEL,BOM,Air India,6425,2026-09-20,2026-09-13,7,2026-09-13 07:36:04.492621
121,DEL,BOM,IndiGo,6425,2026-09-20,2026-09-13,7,2026-09-13 07:36:04.500991
122,DEL,BOM,Air India,6425,2026-09-20,2026-09-13,7,2026-09-13 07:36:04.500991
123,DEL,BOM,Air India,6425,2026-09-20,2026-09-13,7,2026-09-13 07:36:04.51783
124,DEL,BOM,IndiGo,6425,2026-09-20,2026-09-13,7,2026-09-13 07:36:04.52385
125,DEL,BOM,IndiGo,6425,2026-09-20,2026-09-13,7,2026-09-13 07:36:04.529871
126,DEL,BOM,Air India Express,6779,2026-09-20,2026-09-13,7,2026-09-13 07:36:04.537091
127,DEL,BOM,Air India,6792,2026-09-20,2026-09-13,7,2026-09-13 07:36:04.540317
128,DEL,BOM,IndiGo,6793,2026-09-20,2026-09-13,7,2026-09-13 07:36:04.540317
129,DEL,BOM,Akasa Air,6880,2026-09-20,2026-09-13,7,2026-09-13 07:36:04.550294
130,DEL,BOM,Akasa Air,6880,2026-09-20,2026-09-13,7,2026-09-13 07:36:04.559296
131,DEL,BOM,Akasa Air,6880,2026-09-20,2026-09-13,7,2026-09-13 07:36:04.563242
132,DEL,BOM,IndiGo,7055,2026-09-20,2026-09-13,7,2026-09-13 07:36:04.567243
133,DEL,BOM,IndiGo,7055,2026-09-20,2026-09-13,7,2026-09-13 07:36:04.573032
134,DEL,BOM,IndiGo,7055,2026-09-20,2026-09-13,7,2026-09-13 07:36:04.578495
135,DEL,BOM,IndiGo,7055,2026-09-20,2026-09-13,7,2026-09-13 07:36:04.582375
136,DEL,BOM,Air India Express,7261,2026-09-20,2026-09-13,7,2026-09-13 07:36:04.589045
137,DEL,BOM,IndiGo,7370,2026-09-20,2026-09-13,7,2026-09-13 07:36:04.595334
138,DEL,BOM,IndiGo,7370,2026-09-20,2026-09-13,7,2026-09-13 07:36:04.600156
139,DEL,BOM,IndiGo,7370,2026-09-20,2026-09-13,7,2026-09-13 07:36:04.605423
140,DEL,BOM,Air India,7553,2026-09-20,2026-09-13,7,2026-09-13 07:36:04.60919
141,DEL,BOM,Air India,7685,2026-09-20,2026-09-13,7,2026-09-13 07:36:04.613819
142,DEL,BOM,Air India,7685,2026-09-20,2026-09-13,7,2026-09-13 07:36:04.61737
143,DEL,BOM,Air India,7685,2026-09-20,2026-09-13,7,2026-09-13 07:36:04.622284
144,DEL,BOM,Akasa Air,7716,2026-09-20,2026-09-13,7,2026-09-13 07:36:04.631341
145,DEL,BOM,Air India,7879,2026-09-20,2026-09-13,7,2026-09-13 07:36:04.633161
146,DEL,BOM,Air India,8052,2026-09-20,2026-09-13,7,2026-09-13 07:36:04.639706
147,DEL,BOM,IndiGo,8053,2026-09-20,2026-09-13,7,2026-09-13 07:36:04.64484
148,DEL,BOM,IndiGo,8053,2026-09-20,2026-09-13,7,2026-09-13 07:36:04.649175
149,DEL,BOM,IndiGo,8053,2026-09-20,2026-09-13,7,2026-09-13 07:36:04.654947
150,DEL,BOM,Air India,8136,2026-09-20,2026-09-13,7,2026-09-13 07:36:04.66181
151,DEL,BOM,Air India,8136,2026-09-20,2026-09-13,7,2026-09-13 07:36:04.666127
152,DEL,BOM,Akasa Air,8419,2026-09-20,2026-09-13,7,2026-09-13 07:36:04.671646
153,DEL,BOM,IndiGo,8473,2026-09-20,2026-09-13,7,2026-09-13 07:36:04.673194
154,DEL,BOM,Akasa Air,8720,2026-09-20,2026-09-13,7,2026-09-13 07:36:04.682635
155,DEL,BOM,IndiGo,8998,2026-09-20,2026-09-13,7,2026-09-13 07:36:04.688493
156,DEL,BOM,Akasa Air,9360,2026-09-20,2026-09-13,7,2026-09-13 07:36:04.693154
157,DEL,BOM,Air India,9569,2026-09-20,2026-09-13,7,2026-09-13 07:36:04.699072
158,DEL,BOM,Air India,9569,2026-09-20,2026-09-13,7,2026-09-13 07:36:04.704118
159,DEL,BOM,Air India,9905,2026-09-20,2026-09-13,7,2026-09-13 07:36:04.708047
160,DEL,BOM,Air India,9968,2026-09-20,2026-09-13,7,2026-09-13 07:36:04.713088
161,DEL,BOM,Air India,13239,2026-09-20,2026-09-13,7,2026-09-13 07:36:04.720729
162,DEL,BOM,SpiceJet,22551,2026-09-20,2026-09-13,7,2026-09-13 07:36:04.725071
163,DEL,BOM,Air India,6425,2026-09-20,2026-09-13,7,2026-09-13 07:37:33.773377
164,DEL,BOM,IndiGo,6583,2026-09-20,2026-09-13,7,2026-09-13 07:37:33.773377
165,DEL,BOM,Akasa Air,6880,2026-09-20,2026-09-13,7,2026-09-13 07:37:33.773377
166,DEL,BOM,Air India,6314,2026-09-20,2026-09-13,7,2026-09-13 07:37:33.773377
167,DEL,BOM,IndiGo,6425,2026-09-20,2026-09-13,7,2026-09-13 07:37:33.773377
168,DEL,BOM,Air India,6425,2026-09-20,2026-09-13,7,2026-09-13 07:37:33.773377
169,DEL,BOM,Air India,6425,2026-09-20,2026-09-13,7,2026-09-13 07:37:33.773377
170,DEL,BOM,Air India,6425,2026-09-20,2026-09-13,7,2026-09-13 07:37:33.773377
171,DEL,BOM,IndiGo,6425,2026-09-20,2026-09-13,7,2026-09-13 07:37:33.773377
172,DEL,BOM,Air India,6425,2026-09-20,2026-09-13,7,2026-09-13 07:37:33.773377
173,DEL,BOM,IndiGo,6425,2026-09-20,2026-09-13,7,2026-09-13 07:37:33.773377
174,DEL,BOM,Air India,6425,2026-09-20,2026-09-13,7,2026-09-13 07:37:33.773377
175,DEL,BOM,IndiGo,6425,2026-09-20,2026-09-13,7,2026-09-13 07:37:33.773377
176,DEL,BOM,Air India,6425,2026-09-20,2026-09-13,7,2026-09-13 07:37:33.773377
177,DEL,BOM,Air India,6425,2026-09-20,2026-09-13,7,2026-09-13 07:37:33.773377
178,DEL,BOM,IndiGo,6425,2026-09-20,2026-09-13,7,2026-09-13 07:37:33.773377
179,DEL,BOM,IndiGo,6425,2026-09-20,2026-09-13,7,2026-09-13 07:37:33.773377
180,DEL,BOM,Air India Express,6779,2026-09-20,2026-09-13,7,2026-09-13 07:37:33.773377
181,DEL,BOM,Air India,6792,2026-09-20,2026-09-13,7,2026-09-13 07:37:33.773377
182,DEL,BOM,IndiGo,6793,2026-09-20,2026-09-13,7,2026-09-13 07:37:33.773377
183,DEL,BOM,Akasa Air,6880,2026-09-20,2026-09-13,7,2026-09-13 07:37:33.773377
184,DEL,BOM,Akasa Air,6880,2026-09-20,2026-09-13,7,2026-09-13 07:37:33.773377
185,DEL,BOM,Akasa Air,6880,2026-09-20,2026-09-13,7,2026-09-13 07:37:33.773377
186,DEL,BOM,IndiGo,7055,2026-09-20,2026-09-13,7,2026-09-13 07:37:33.773377
187,DEL,BOM,IndiGo,7055,2026-09-20,2026-09-13,7,2026-09-13 07:37:33.773377
188,DEL,BOM,IndiGo,7055,2026-09-20,2026-09-13,7,2026-09-13 07:37:33.773377
189,DEL,BOM,IndiGo,7055,2026-09-20,2026-09-13,7,2026-09-13 07:37:33.773377
190,DEL,BOM,Air India Express,7261,2026-09-20,2026-09-13,7,2026-09-13 07:37:33.773377
191,DEL,BOM,IndiGo,7370,2026-09-20,2026-09-13,7,2026-09-13 07:37:33.773377
192,DEL,BOM,IndiGo,7370,2026-09-20,2026-09-13,7,2026-09-13 07:37:33.773377
193,DEL,BOM,IndiGo,7370,2026-09-20,2026-09-13,7,2026-09-13 07:37:33.773377
194,DEL,BOM,Air India,7553,2026-09-20,2026-09-13,7,2026-09-13 07:37:33.773377
195,DEL,BOM,Air India,7685,2026-09-20,2026-09-13,7,2026-09-13 07:37:33.773377
196,DEL,BOM,Air India,7685,2026-09-20,2026-09-13,7,2026-09-13 07:37:33.773377
197,DEL,BOM,Air India,7685,2026-09-20,2026-09-13,7,2026-09-13 07:37:33.773377
198,DEL,BOM,Akasa Air,7716,2026-09-20,2026-09-13,7,2026-09-13 07:37:33.773377
199,DEL,BOM,Air India,7879,2026-09-20,2026-09-13,7,2026-09-13 07:37:33.773377
200,DEL,BOM,Air India,8052,2026-09-20,2026-09-13,7,2026-09-13 07:37:33.773377
201,DEL,BOM,IndiGo,8053,2026-09-20,2026-09-13,7,2026-09-13 07:37:33.773377
202,DEL,BOM,IndiGo,8053,2026-09-20,2026-09-13,7,2026-09-13 07:37:33.773377
203,DEL,BOM,IndiGo,8053,2026-09-20,2026-09-13,7,2026-09-13 07:37:33.773377
204,DEL,BOM,Air India,8136,2026-09-20,2026-09-13,7,2026-09-13 07:37:33.773377
205,DEL,BOM,Air India,8136,2026-09-20,2026-09-13,7,2026-09-13 07:37:33.773377
206,DEL,BOM,Akasa Air,8419,2026-09-20,2026-09-13,7,2026-09-13 07:37:33.773377
207,DEL,BOM,IndiGo,8473,2026-09-20,2026-09-13,7,2026-09-13 07:37:33.773377
208,DEL,BOM,Akasa Air,8720,2026-09-20,2026-09-13,7,2026-09-13 07:37:33.773377
209,DEL,BOM,IndiGo,8998,2026-09-20,2026-09-13,7,2026-09-13 07:37:33.773377
210,DEL,BOM,Akasa Air,9360,2026-09-20,2026-09-13,7,2026-09-13 07:37:33.773377
211,DEL,BOM,Air India,9569,2026-09-20,2026-09-13,7,2026-09-13 07:37:33.773377
212,DEL,BOM,Air India,9569,2026-09-20,2026-09-13,7,2026-09-13 07:37:33.773377
213,DEL,BOM,Air India,9905,2026-09-20,2026-09-13,7,2026-09-13 07:37:33.773377
214,DEL,BOM,Air India,9968,2026-09-20,2026-09-13,7,2026-09-13 07:37:33.773377
215,DEL,BOM,Air India,13239,2026-09-20,2026-09-13,7,2026-09-13 07:37:33.773377
216,DEL,BOM,SpiceJet,22551,2026-09-20,2026-09-13,7,2026-09-13 07:37:33.773377
217,DEL,BOM,Air India,6425,2026-09-20,2026-09-13,7,2026-09-13 07:38:17.192354
218,DEL,BOM,IndiGo,6583,2026-09-20,2026-09-13,7,2026-09-13 07:38:17.192354
219,DEL,BOM,Akasa Air,6880,2026-09-20,2026-09-13,7,2026-09-13 07:38:17.192354
220,DEL,BOM,Air India,6314,2026-09-20,2026-09-13,7,2026-09-13 07:38:17.192354
221,DEL,BOM,IndiGo,6425,2026-09-20,2026-09-13,7,2026-09-13 07:38:17.192354
222,DEL,BOM,Air India,6425,2026-09-20,2026-09-13,7,2026-09-13 07:38:17.192354
223,DEL,BOM,Air India,6425,2026-09-20,2026-09-13,7,2026-09-13 07:38:17.192354
224,DEL,BOM,Air India,6425,2026-09-20,2026-09-13,7,2026-09-13 07:38:17.192354
225,DEL,BOM,IndiGo,6425,2026-09-20,2026-09-13,7,2026-09-13 07:38:17.192354
226,DEL,BOM,Air India,6425,2026-09-20,2026-09-13,7,2026-09-13 07:38:17.192354
227,DEL,BOM,IndiGo,6425,2026-09-20,2026-09-13,7,2026-09-13 07:38:17.192354
228,DEL,BOM,Air India,6425,2026-09-20,2026-09-13,7,2026-09-13 07:38:17.192354
229,DEL,BOM,IndiGo,6425,2026-09-20,2026-09-13,7,2026-09-13 07:38:17.192354
230,DEL,BOM,Air India,6425,2026-09-20,2026-09-13,7,2026-09-13 07:38:17.192354
231,DEL,BOM,Air India,6425,2026-09-20,2026-09-13,7,2026-09-13 07:38:17.192354
232,DEL,BOM,IndiGo,6425,2026-09-20,2026-09-13,7,2026-09-13 07:38:17.192354
233,DEL,BOM,IndiGo,6425,2026-09-20,2026-09-13,7,2026-09-13 07:38:17.192354
234,DEL,BOM,Air India Express,6779,2026-09-20,2026-09-13,7,2026-09-13 07:38:17.192354
235,DEL,BOM,Air India,6792,2026-09-20,2026-09-13,7,2026-09-13 07:38:17.192354
236,DEL,BOM,IndiGo,6793,2026-09-20,2026-09-13,7,2026-09-13 07:38:17.192354
237,DEL,BOM,Akasa Air,6880,2026-09-20,2026-09-13,7,2026-09-13 07:38:17.192354
238,DEL,BOM,Akasa Air,6880,2026-09-20,2026-09-13,7,2026-09-13 07:38:17.192354
239,DEL,BOM,Akasa Air,6880,2026-09-20,2026-09-13,7,2026-09-13 07:38:17.192354
240,DEL,BOM,IndiGo,7055,2026-09-20,2026-09-13,7,2026-09-13 07:38:17.192354
241,DEL,BOM,IndiGo,7055,2026-09-20,2026-09-13,7,2026-09-13 07:38:17.192354
242,DEL,BOM,IndiGo,7055,2026-09-20,2026-09-13,7,2026-09-13 07:38:17.192354
243,DEL,BOM,IndiGo,7055,2026-09-20,2026-09-13,7,2026-09-13 07:38:17.192354
244,DEL,BOM,Air India Express,7261,2026-09-20,2026-09-13,7,2026-09-13 07:38:17.192354
245,DEL,BOM,IndiGo,7370,2026-09-20,2026-09-13,7,2026-09-13 07:38:17.192354
246,DEL,BOM,IndiGo,7370,2026-09-20,2026-09-13,7,2026-09-13 07:38:17.192354
247,DEL,BOM,IndiGo,7370,2026-09-20,2026-09-13,7,2026-09-13 07:38:17.192354
248,DEL,BOM,Air India,7553,2026-09-20,2026-09-13,7,2026-09-13 07:38:17.192354
249,DEL,BOM,Air India,7685,2026-09-20,2026-09-13,7,2026-09-13 07:38:17.192354
250,DEL,BOM,Air India,7685,2026-09-20,2026-09-13,7,2026-09-13 07:38:17.192354
251,DEL,BOM,Air India,7685,2026-09-20,2026-09-13,7,2026-09-13 07:38:17.192354
252,DEL,BOM,Akasa Air,7716,2026-09-20,2026-09-13,7,2026-09-13 07:38:17.192354
253,DEL,BOM,Air India,7879,2026-09-20,2026-09-13,7,2026-09-13 07:38:17.192354
254,DEL,BOM,Air India,8052,2026-09-20,2026-09-13,7,2026-09-13 07:38:17.192354
255,DEL,BOM,IndiGo,8053,2026-09-20,2026-09-13,7,2026-09-13 07:38:17.192354
256,DEL,BOM,IndiGo,8053,2026-09-20,2026-09-13,7,2026-09-13 07:38:17.192354
257,DEL,BOM,IndiGo,8053,2026-09-20,2026-09-13,7,2026-09-13 07:38:17.192354
258,DEL,BOM,Air India,8136,2026-09-20,2026-09-13,7,2026-09-13 07:38:17.192354
259,DEL,BOM,Air India,8136,2026-09-20,2026-09-13,7,2026-09-13 07:38:17.192354
260,DEL,BOM,Akasa Air,8419,2026-09-20,2026-09-13,7,2026-09-13 07:38:17.192354
261,DEL,BOM,IndiGo,8473,2026-09-20,2026-09-13,7,2026-09-13 07:38:17.192354
262,DEL,BOM,Akasa Air,8720,2026-09-20,2026-09-13,7,2026-09-13 07:38:17.192354
263,DEL,BOM,IndiGo,8998,2026-09-20,2026-09-13,7,2026-09-13 07:38:17.192354
264,DEL,BOM,Akasa Air,9360,2026-09-20,2026-09-13,7,2026-09-13 07:38:17.192354
265,DEL,BOM,Air India,9569,2026-09-20,2026-09-13,7,2026-09-13 07:38:17.192354
266,DEL,BOM,Air India,9569,2026-09-20,2026-09-13,7,2026-09-13 07:38:17.192354
267,DEL,BOM,Air India,9905,2026-09-20,2026-09-13,7,2026-09-13 07:38:17.192354
268,DEL,BOM,Air India,9968,2026-09-20,2026-09-13,7,2026-09-13 07:38:17.192354
269,DEL,BOM,Air India,13239,2026-09-20,2026-09-13,7,2026-09-13 07:38:17.192354
270,DEL,BOM,SpiceJet,22551,2026-09-20,2026-09-13,7,2026-09-13 07:38:17.192354
